Workbook

Sheet Nasil_Kullanilir
A1: Mağaza Gün Sonu (Mark-Out) ve Çözündürme Formu
A2: Tüm ürün, SKU ve satış verileri SAHTEDİR. Yapı, bir kahve zincirinde kullanılan orijinal formun yeniden kurulmuş hâlidir.
A4: Önce bir kez: makroları ekleme
A5: 1. Bu dosyayı açın, Alt+F11 ile VBA düzenleyicisini açın.
A6: 2. File > Import File… ile depodaki markout.bas dosyasını içe aktarın.
A7: 3. Dosyayı 'Excel Makro İçerebilen Çalışma Kitabı (*.xlsm)' olarak kaydedin. Kısayolları atamak için KisayollariAta makrosunu bir kez çalıştırın.
A9: Her gün
A10: 1. Gün içinde: Markout sayfasında sarı hücreler doldurulur (gelen, çözündürülen, tadım, atık, ürün bitiş saati).
A11: 2. Ctrl+Shift+S → POS/ERP'den alınan günlük satış raporu seçilir; satış sütunu SKU'ya göre otomatik dolar.
A12: 3. Kapanış sayımı: donuk ve günlük 'Sayılan Kapanış' sütunları girilir. Fark sütunları kendiliğinden hesaplanır.
A13: 4. Ctrl+Shift+P → gün sonu formu PDF olarak kaydedilir (isteğe bağlı).
A14: 5. Ctrl+Shift+K → gün kapatılır: satırlar Arsiv sayfasına yazılır, sayılan kapanışlar yarının stoğu olur, günlük girişler temizlenir, tarih bir gün ilerler.
... A24: Mavi = elle girilen sabit değer · Sarı zemin = her gün doldurulan hücre · Siyah = formül · Yeşil = başka sayfadan gelen değer

Sheet Markout
A1: MAĞAZA: | B1: =Ayarlar!B3 -> Örnek Mağaza | E1: TARİH: | F1: 46279
F2: DONUK | L2: GÜNLÜK
A3: Kategori | B3: SKU | C3: Ürün | D3: Raf Ömrü (gün) | E3: Donuk Ömrü | F3: Devreden Donuk | G3: Gelen | H3: Çözündürülen | I3: Beklenen Kapanış | J3: Sayılan Kapanış | K3: Fark | L3: Ort. Günlük Satış | M3: Devreden Yiyecek | N3: Dondan Çözülen | O3: Satış | P3: Tadım | Q3: Atık | R3: Beklenen Kapanış | S3: Sayılan Kapanış | T3: Fark | U3: Ürün Bitiş Saati
A4: KAHVALTILIK
A5: KAHVALTILIK | B5: 100101 | C5: Peynirli simit | D5: 1 | E5: 6 ay | F5: 29 | G5: 0 | H5: 10 | I5: =F5+G5-H5 -> 19 | K5: =IF(J5="","",J5-I5) | L5: =IFERROR(INDEX(Satis_Ortalama!$E$2:$E$18,MATCH($B5,Satis_Ortalama!$A$2:$A$18,0)),0) -> 5.4285714 | M5: 0 | N5: 8 | P5: 0 | Q5: 0 | R5: =M5+N5-O5-P5-Q5 -> 8 | T5: =IF(S5="","",S5-R5)
A6: KAHVALTILIK | B6: 100102 | C6: Peynirli poğaça | D6: 1 | E6: 6 ay | F6: 26 | G6: 0 | H6: 7 | I6: =F6+G6-H6 -> 19 | K6: =IF(J6="","",J6-I6) | L6: =IFERROR(INDEX(Satis_Ortalama!$E$2:$E$18,MATCH($B6,Satis_Ortalama!$A$2:$A$18,0)),0) -> 9.1428571 | M6: 0 | N6: 10 | P6: 0 | Q6: 0 | R6: =M6+N6-O6-P6-Q6 -> 10 | T6: =IF(S6="","",S6-R6)
A7: KAHVALTILIK | B7: 100103 | C7: Zeytinli açma | D7: 1 | E7: 6 ay | F7: 24 | G7: 12 | H7: 9 | I7: =F7+G7-H7 -> 27 | K7: =IF(J7="","",J7-I7) | L7: =IFERROR(INDEX(Satis_Ortalama!$E$2:$E$18,MATCH($B7,Satis_Ortalama!$A$2:$A$18,0)),0) -> 5.5714286 | M7: 0 | N7: 11 | P7: 0 | Q7: 1 | R7: =M7+N7-O7-P7-Q7 -> 10 | T7: =IF(S7="","",S7-R7)
A8: KAHVALTILIK | B8: 100104 | C8: Sade kruvasan | D8: 1 | E8: 6 ay | F8: 20 | G8: 0 | H8: 11 | I8: =F8+G8-H8 -> 9 | K8: =IF(J8="","",J8-I8) | L8: =IFERROR(INDEX(Satis_Ortalama!$E$2:$E$18,MATCH($B8,Satis_Ortalama!$A$2:$A$18,0)),0) -> 9.1428571 | M8: 0 | N8: 7 | P8: 0 | Q8: 0 | R8: =M8+N8-O8-P8-Q8 -> 7 | T8: =IF(S8="","",S8-R8)
A9: KAHVALTILIK | B9: 100105 | C9: Çikolatalı kruvasan | D9: 1 | E9: 6 ay | F9: 28 | G9: 0 | H9: 9 | I9: =F9+G9-H9 -> 19 | K9: =IF(J9="","",J9-I9) | L9: =IFERROR(INDEX(Satis_Ortalama!$E$2:$E$18,MATCH($B9,Satis_Ortalama!$A$2:$A$18,0)),0) -> 3 | M9: 0 | N9: 4 | P9: 0 | Q9: 2 | R9: =M9+N9-O9-P9-Q9 -> 2 | T9: =IF(S9="","",S9-R9)
A10: MUFFIN VE KURABİYE
A11: MUFFIN VE KURABİYE | B11: 100201 | C11: Yaban mersinli muffin | D11: 2 | E11: 6 ay | F11: 12 | G11: 0 | H11: 3 | I11: =F11+G11-H11 -> 9 | K11: =IF(J11="","",J11-I11) | L11: =IFERROR(INDEX(Satis_Ortalama!$E$2:$E$18,MATCH($B11,Satis_Ortalama!$A$2:$A$18,0)),0) -> 5.7142857 | M11: 1 | N11: 6 | P11: 0 | Q11: 2 | R11: =M11+N11-O11-P11-Q11 -> 5 | T11: =IF(S11="","",S11-R11)
A12: MUFFIN VE KURABİYE | B12: 100202 | C12: Çikolatalı muffin | D12: 2 | E12: 6 ay | F12: 22 | G12: 24 | H12: 9 | I12: =F12+G12-H12 -> 37 | K12: =IF(J12="","",J12-I12) | L12: =IFERROR(INDEX(Satis_Ortalama!$E$2:$E$18,MATCH($B12,Satis_Ortalama!$A$2:$A$18,0)),0) -> 8.5714286 | M12: 0 | N12: 12 | P12: 1 | Q12: 0 | R12: =M12+N12-O12-P12-Q12 -> 11 | T12: =IF(S12="","",S12-R12)
A13: MUFFIN VE KURABİYE | B13: 100203 | C13: Çikolatalı kurabiye | D13: 3 | E13: 6 ay | F13: 34 | G13: 12 | H13: 8 | I13: =F13+G13-H13 -> 38 | K13: =IF(J13="","",J13-I13) | L13: =IFERROR(INDEX(Satis_Ortalama!$E$2:$E$18,MATCH($B13,Satis_Ortalama!$A$2:$A$18,0)),0) -> 5.4285714 | M13: 0 | N13: 7 | P13: 0 | Q13: 0 | R13: =M13+N13-O13-P13-Q13 -> 7 | T13: =IF(S13="","",S13-R13)
A14: MUFFIN VE KURABİYE | B14: 100204 | C14: Yulaflı kurabiye | D14: 3 | E14: 6 ay | F14: 40 | G14: 24 | H14: 4 | I14: =F14+G14-H14 -> 60 | K14: =IF(J14="","",J14-I14) | L14: =IFERROR(INDEX(Satis_Ortalama!$E$2:$E$18,MATCH($B14,Satis_Ortalama!$A$2:$A$18,0)),0) -> 2.1428571 | M14: 1 | N14: 6 | P14: 1 | Q14: 0 | R14: =M14+N14-O14-P14-Q14 -> 6 | T14: =IF(S14="","",S14-R14)
A15: SANDVİÇ
A16: SANDVİÇ | B16: 100301 | C16: Kaşarlı tost | D16: 1 | E16: 6 ay | F16: 10 | G16: 0 | H16: 10 | I16: =F16+G16-H16 -> 0 | K16: =IF(J16="","",J16-I16) | L16: =IFERROR(INDEX(Satis_Ortalama!$E$2:$E$18,MATCH($B16,Satis_Ortalama!$A$2:$A$18,0)),0) -> 9.4285714 | M16: 0 | N16: 10 | P16: 0 | Q16: 0 | R16: =M16+N16-O16-P16-Q16 -> 10 | T16: =IF(S16="","",S16-R16)
A17: SANDVİÇ | B17: 100302 | C17: Hindi füme sandviç | D17: 1 | E17: 6 ay | F17: 24 | G17: 0 | H17: 5 | I17: =F17+G17-H17 -> 19 | K17: =IF(J17="","",J17-I17) | L17: =IFERROR(INDEX(Satis_Ortalama!$E$2:$E$18,MATCH($B17,Satis_Ortalama!$A$2:$A$18,0)),0) -> 1.7142857 | M17: 0 | N17: 9 | P17: 1 | Q17: 2 | R17: =M17+N17-O17-P17-Q17 -> 6 | T17: =IF(S17="","",S17-R17)
A18: SANDVİÇ | B18: 100303 | C18: Mozzarellalı sandviç | D18: 1 | E18: 6 ay | F18: 13 | G18: 24 | H18: 9 | I18: =F18+G18-H18 -> 28 | K18: =IF(J18="","",J18-I18) | L18: =IFERROR(INDEX(Satis_Ortalama!$E$2:$E$18,MATCH($B18,Satis_Ortalama!$A$2:$A$18,0)),0) -> 5 | M18: 0 | N18: 6 | P18: 0 | Q18: 1 | R18: =M18+N18-O18-P18-Q18 -> 5 | T18: =IF(S18="","",S18-R18)
A19: KEK VE PASTA
A20: KEK VE PASTA | B20: 100401 | C20: Havuçlu kek | D20: 2 | E20: 6 ay | F20: 37 | G20: 12 | H20: 3 | I20: =F20+G20-H20 -> 46 | K20: =IF(J20="","",J20-I20) | L20: =IFERROR(INDEX(Satis_Ortalama!$E$2:$E$18,MATCH($B20,Satis_Ortalama!$A$2:$A$18,0)),0) -> 7.2857143 | M20: 1 | N20: 5 | P20: 0 | Q20: 0 | R20: =M20+N20-O20-P20-Q20 -> 6 | T20: =IF(S20="","",S20-R20)
A21: KEK VE PASTA | B21: 100402 | C21: Brownie | D21: 3 | E21: 6 ay | F21: 11 | G21: 0 | H21: 6 | I21: =F21+G21-H21 -> 5 | K21: =IF(J21="","",J21-I21) | L21: =IFERROR(INDEX(Satis_Ortalama!$E$2:$E$18,MATCH($B21,Satis_Ortalama!$A$2:$A$18,0)),0) -> 7.2857143 | M21: 3 | N21: 7 | P21: 0 | Q21: 1 | R21: =M21+N21-O21-P21-Q21 -> 9 | T21: =IF(S21="","",S21-R21)
A22: KEK VE PASTA | B22: 100403 | C22: Limonlu kek | D22: 2 | E22: 6 ay | F22: 36 | G22: 12 | H22: 9 | I22: =F22+G22-H22 -> 39 | K22: =IF(J22="","",J22-I22) | L22: =IFERROR(INDEX(Satis_Ortalama!$E$2:$E$18,MATCH($B22,Satis_Ortalama!$A$2:$A$18,0)),0) -> 1.4285714 | M22: 0 | N22: 4 | P22: 0 | Q22: 0 | R22: =M22+N22-O22-P22-Q22 -> 4 | T22: =IF(S22="","",S22-R22)
A23: CHEESECAKE
A24: CHEESECAKE | B24: 100501 | C24: Frambuazlı cheesecake | D24: 2 | E24: 6 ay | F24: 28 | G24: 0 | H24: 3 | I24: =F24+G24-H24 -> 25 | K24: =IF(J24="","",J24-I24) | L24: =IFERROR(INDEX(Satis_Ortalama!$E$2:$E$18,MATCH($B24,Satis_Ortalama!$A$2:$A$18,0)),0) -> 2 | M24: 4 | N24: 8 | P24: 0 | Q24: 2 | R24: =M24+N24-O24-P24-Q24 -> 10 | T24: =IF(S24="","",S24-R24)
A25: CHEESECAKE | B25: 100502 | C25: Limonlu cheesecake | D25: 2 | E25: 6 ay | F25: 14 | G25: 24 | H25: 12 | I25: =F25+G25-H25 -> 26 | K25: =IF(J25="","",J25-I25) | L25: =IFERROR(INDEX(Satis_Ortalama!$E$2:$E$18,MATCH($B25,Satis_Ortalama!$A$2:$A$18,0)),0) -> 3.1428571 | M25: 1 | N25: 9 | P25: 0 | Q25: 0 | R25: =M25+N25-O25-P25-Q25 -> 10 | T25: =IF(S25="","",S25-R25)
A27: Satış (O) sütunu Ctrl+Shift+S ile dolar. Sayılan kapanış sütunları (J, S) kapanış sayımında girilir. Fark: eksi = kayıp.

Sheet SKT
A1: SON KULLANMA TARİHLERİ — | D1: =Markout!F1 -> 46279
A2: Mark-out saati: | C2: =Ayarlar!B7 -> 0.91666667
A3: BUGÜN ÇÖZÜNDÜRMEYE ALINANLAR | I3: DEVİR ÜRÜNLER (dün çözündürülen, bugün satışta)
A4: Ürün | B4: Adet | C4: Çözündürme Başlangıç | D4: Saat | E4: Çözündürme Bitiş | F4: Saat | G4: SKT | I4: Ürün | J4: Adet | K4: Çözündürme Başlangıç | L4: Saat | M4: Çözündürme Bitiş | N4: Saat | O4: SKT
A5: =Markout!C5 -> Peynirli simit | B5: =IF(Markout!H5>0,Markout!H5,"") -> 10 | C5: =IF(B5="","",Markout!$F$1) -> 46279 | D5: =IF(B5="","",Ayarlar!$B$5) -> 0.66666667 | E5: =IF(B5="","",C5+1) -> 46280 | F5: =IF(B5="","",Ayarlar!$B$6) -> 0.33333333 | G5: =IF(B5="","",E5+Markout!D5-1) -> 46280 | I5: =Markout!C5 -> Peynirli simit | J5: =IF(Markout!N5>0,Markout!N5,"") -> 8 | K5: =IF(J5="","",Markout!$F$1-1) -> 46278 | L5: =IF(J5="","",Ayarlar!$B$5) -> 0.66666667 | M5: =IF(J5="","",K5+1) -> 46279 | N5: =IF(J5="","",Ayarlar!$B$6) -> 0.33333333 | O5: =IF(J5="","",M5+Markout!D5-1) -> 46279
A6: =Markout!C6 -> Peynirli poğaça | B6: =IF(Markout!H6>0,Markout!H6,"") -> 7 | C6: =IF(B6="","",Markout!$F$1) -> 46279 | D6: =IF(B6="","",Ayarlar!$B$5) -> 0.66666667 | E6: =IF(B6="","",C6+1) -> 46280 | F6: =IF(B6="","",Ayarlar!$B$6) -> 0.33333333 | G6: =IF(B6="","",E6+Markout!D6-1) -> 46280 | I6: =Markout!C6 -> Peynirli poğaça | J6: =IF(Markout!N6>0,Markout!N6,"") -> 10 | K6: =IF(J6="","",Markout!$F$1-1) -> 46278 | L6: =IF(J6="","",Ayarlar!$B$5) -> 0.66666667 | M6: =IF(J6="","",K6+1) -> 46279 | N6: =IF(J6="","",Ayarlar!$B$6) -> 0.33333333 | O6: =IF(J6="","",M6+Markout!D6-1) -> 46279
A7: =Markout!C7 -> Zeytinli açma | B7: =IF(Markout!H7>0,Markout!H7,"") -> 9 | C7: =IF(B7="","",Markout!$F$1) -> 46279 | D7: =IF(B7="","",Ayarlar!$B$5) -> 0.66666667 | E7: =IF(B7="","",C7+1) -> 46280 | F7: =IF(B7="","",Ayarlar!$B$6) -> 0.33333333 | G7: =IF(B7="","",E7+Markout!D7-1) -> 46280 | I7: =Markout!C7 -> Zeytinli açma | J7: =IF(Markout!N7>0,Markout!N7,"") -> 11 | K7: =IF(J7="","",Markout!$F$1-1) -> 46278 | L7: =IF(J7="","",Ayarlar!$B$5) -> 0.66666667 | M7: =IF(J7="","",K7+1) -> 46279 | N7: =IF(J7="","",Ayarlar!$B$6) -> 0.33333333 | O7: =IF(J7="","",M7+Markout!D7-1) -> 46279
A8: =Markout!C8 -> Sade kruvasan | B8: =IF(Markout!H8>0,Markout!H8,"") -> 11 | C8: =IF(B8="","",Markout!$F$1) -> 46279 | D8: =IF(B8="","",Ayarlar!$B$5) -> 0.66666667 | E8: =IF(B8="","",C8+1) -> 46280 | F8: =IF(B8="","",Ayarlar!$B$6) -> 0.33333333 | G8: =IF(B8="","",E8+Markout!D8-1) -> 46280 | I8: =Markout!C8 -> Sade kruvasan | J8: =IF(Markout!N8>0,Markout!N8,"") -> 7 | K8: =IF(J8="","",Markout!$F$1-1) -> 46278 | L8: =IF(J8="","",Ayarlar!$B$5) -> 0.66666667 | M8: =IF(J8="","",K8+1) -> 46279 | N8: =IF(J8="","",Ayarlar!$B$6) -> 0.33333333 | O8: =IF(J8="","",M8+Markout!D8-1) -> 46279
A9: =Markout!C9 -> Çikolatalı kruvasan | B9: =IF(Markout!H9>0,Markout!H9,"") -> 9 | C9: =IF(B9="","",Markout!$F$1) -> 46279 | D9: =IF(B9="","",Ayarlar!$B$5) -> 0.66666667 | E9: =IF(B9="","",C9+1) -> 46280 | F9: =IF(B9="","",Ayarlar!$B$6) -> 0.33333333 | G9: =IF(B9="","",E9+Markout!D9-1) -> 46280 | I9: =Markout!C9 -> Çikolatalı kruvasan | J9: =IF(Markout!N9>0,Markout!N9,"") -> 4 | K9: =IF(J9="","",Markout!$F$1-1) -> 46278 | L9: =IF(J9="","",Ayarlar!$B$5) -> 0.66666667 | M9: =IF(J9="","",K9+1) -> 46279 | N9: =IF(J9="","",Ayarlar!$B$6) -> 0.33333333 | O9: =IF(J9="","",M9+Markout!D9-1) -> 46279
A10: =Markout!C11 -> Yaban mersinli muffin | B10: =IF(Markout!H11>0,Markout!H11,"") -> 3 | C10: =IF(B10="","",Markout!$F$1) -> 46279 | D10: =IF(B10="","",Ayarlar!$B$5) -> 0.66666667 | E10: =IF(B10="","",C10+1) -> 46280 | F10: =IF(B10="","",Ayarlar!$B$6) -> 0.33333333 | G10: =IF(B10="","",E10+Markout!D11-1) -> 46281 | I10: =Markout!C11 -> Yaban mersinli muffin | J10: =IF(Markout!N11>0,Markout!N11,"") -> 6 | K10: =IF(J10="","",Markout!$F$1-1) -> 46278 | L10: =IF(J10="","",Ayarlar!$B$5) -> 0.66666667 | M10: =IF(J10="","",K10+1) -> 46279 | N10: =IF(J10="","",Ayarlar!$B$6) -> 0.33333333 | O10: =IF(J10="","",M10+Markout!D11-1) -> 46280
A11: =Markout!C12 -> Çikolatalı muffin | B11: =IF(Markout!H12>0,Markout!H12,"") -> 9 | C11: =IF(B11="","",Markout!$F$1) -> 46279 | D11: =IF(B11="","",Ayarlar!$B$5) -> 0.66666667 | E11: =IF(B11="","",C11+1) -> 46280 | F11: =IF(B11="","",Ayarlar!$B$6) -> 0.33333333 | G11: =IF(B11="","",E11+Markout!D12-1) -> 46281 | I11: =Markout!C12 -> Çikolatalı muffin | J11: =IF(Markout!N12>0,Markout!N12,"") -> 12 | K11: =IF(J11="","",Markout!$F$1-1) -> 46278 | L11: =IF(J11="","",Ayarlar!$B$5) -> 0.66666667 | M11: =IF(J11="","",K11+1) -> 46279 | N11: =IF(J11="","",Ayarlar!$B$6) -> 0.33333333 | O11: =IF(J11="","",M11+Markout!D12-1) -> 46280
A12: =Markout!C13 -> Çikolatalı kurabiye | B12: =IF(Markout!H13>0,Markout!H13,"") -> 8 | C12: =IF(B12="","",Markout!$F$1) -> 46279 | D12: =IF(B12="","",Ayarlar!$B$5) -> 0.66666667 | E12: =IF(B12="","",C12+1) -> 46280 | F12: =IF(B12="","",Ayarlar!$B$6) -> 0.33333333 | G12: =IF(B12="","",E12+Markout!D13-1) -> 46282 | I12: =Markout!C13 -> Çikolatalı kurabiye | J12: =IF(Markout!N13>0,Markout!N13,"") -> 7 | K12: =IF(J12="","",Markout!$F$1-1) -> 46278 | L12: =IF(J12="","",Ayarlar!$B$5) -> 0.66666667 | M12: =IF(J12="","",K12+1) -> 46279 | N12: =IF(J12="","",Ayarlar!$B$6) -> 0.33333333 | O12: =IF(J12="","",M12+Markout!D13-1) -> 46281
A13: =Markout!C14 -> Yulaflı kurabiye | B13: =IF(Markout!H14>0,Markout!H14,"") -> 4 | C13: =IF(B13="","",Markout!$F$1) -> 46279 | D13: =IF(B13="","",Ayarlar!$B$5) -> 0.66666667 | E13: =IF(B13="","",C13+1) -> 46280 | F13: =IF(B13="","",Ayarlar!$B$6) -> 0.33333333 | G13: =IF(B13="","",E13+Markout!D14-1) -> 46282 | I13: =Markout!C14 -> Yulaflı kurabiye | J13: =IF(Markout!N14>0,Markout!N14,"") -> 6 | K13: =IF(J13="","",Markout!$F$1-1) -> 46278 | L13: =IF(J13="","",Ayarlar!$B$5) -> 0.66666667 | M13: =IF(J13="","",K13+1) -> 46279 | N13: =IF(J13="","",Ayarlar!$B$6) -> 0.33333333 | O13: =IF(J13="","",M13+Markout!D14-1) -> 46281
A14: =Markout!C16 -> Kaşarlı tost | B14: =IF(Markout!H16>0,Markout!H16,"") -> 10 | C14: =IF(B14="","",Markout!$F$1) -> 46279 | D14: =IF(B14="","",Ayarlar!$B$5) -> 0.66666667 | E14: =IF(B14="","",C14+1) -> 46280 | F14: =IF(B14="","",Ayarlar!$B$6) -> 0.33333333 | G14: =IF(B14="","",E14+Markout!D16-1) -> 46280 | I14: =Markout!C16 -> Kaşarlı tost | J14: =IF(Markout!N16>0,Markout!N16,"") -> 10 | K14: =IF(J14="","",Markout!$F$1-1) -> 46278 | L14: =IF(J14="","",Ayarlar!$B$5) -> 0.66666667 | M14: =IF(J14="","",K14+1) -> 46279 | N14: =IF(J14="","",Ayarlar!$B$6) -> 0.33333333 | O14: =IF(J14="","",M14+Markout!D16-1) -> 46279
A15: =Markout!C17 -> Hindi füme sandviç | B15: =IF(Markout!H17>0,Markout!H17,"") -> 5 | C15: =IF(B15="","",Markout!$F$1) -> 46279 | D15: =IF(B15="","",Ayarlar!$B$5) -> 0.66666667 | E15: =IF(B15="","",C15+1) -> 46280 | F15: =IF(B15="","",Ayarlar!$B$6) -> 0.33333333 | G15: =IF(B15="","",E15+Markout!D17-1) -> 46280 | I15: =Markout!C17 -> Hindi füme sandviç | J15: =IF(Markout!N17>0,Markout!N17,"") -> 9 | K15: =IF(J15="","",Markout!$F$1-1) -> 46278 | L15: =IF(J15="","",Ayarlar!$B$5) -> 0.66666667 | M15: =IF(J15="","",K15+1) -> 46279 | N15: =IF(J15="","",Ayarlar!$B$6) -> 0.33333333 | O15: =IF(J15="","",M15+Markout!D17-1) -> 46279
A16: =Markout!C18 -> Mozzarellalı sandviç | B16: =IF(Markout!H18>0,Markout!H18,"") -> 9 | C16: =IF(B16="","",Markout!$F$1) -> 46279 | D16: =IF(B16="","",Ayarlar!$B$5) -> 0.66666667 | E16: =IF(B16="","",C16+1) -> 46280 | F16: =IF(B16="","",Ayarlar!$B$6) -> 0.33333333 | G16: =IF(B16="","",E16+Markout!D18-1) -> 46280 | I16: =Markout!C18 -> Mozzarellalı sandviç | J16: =IF(Markout!N18>0,Markout!N18,"") -> 6 | K16: =IF(J16="","",Markout!$F$1-1) -> 46278 | L16: =IF(J16="","",Ayarlar!$B$5) -> 0.66666667 | M16: =IF(J16="","",K16+1) -> 46279 | N16: =IF(J16="","",Ayarlar!$B$6) -> 0.33333333 | O16: =IF(J16="","",M16+Markout!D18-1) -> 46279
A17: =Markout!C20 -> Havuçlu kek | B17: =IF(Markout!H20>0,Markout!H20,"") -> 3 | C17: =IF(B17="","",Markout!$F$1) -> 46279 | D17: =IF(B17="","",Ayarlar!$B$5) -> 0.66666667 | E17: =IF(B17="","",C17+1) -> 46280 | F17: =IF(B17="","",Ayarlar!$B$6) -> 0.33333333 | G17: =IF(B17="","",E17+Markout!D20-1) -> 46281 | I17: =Markout!C20 -> Havuçlu kek | J17: =IF(Markout!N20>0,Markout!N20,"") -> 5 | K17: =IF(J17="","",Markout!$F$1-1) -> 46278 | L17: =IF(J17="","",Ayarlar!$B$5) -> 0.66666667 | M17: =IF(J17="","",K17+1) -> 46279 | N17: =IF(J17="","",Ayarlar!$B$6) -> 0.33333333 | O17: =IF(J17="","",M17+Markout!D20-1) -> 46280
A18: =Markout!C21 -> Brownie | B18: =IF(Markout!H21>0,Markout!H21,"") -> 6 | C18: =IF(B18="","",Markout!$F$1) -> 46279 | D18: =IF(B18="","",Ayarlar!$B$5) -> 0.66666667 | E18: =IF(B18="","",C18+1) -> 46280 | F18: =IF(B18="","",Ayarlar!$B$6) -> 0.33333333 | G18: =IF(B18="","",E18+Markout!D21-1) -> 46282 | I18: =Markout!C21 -> Brownie | J18: =IF(Markout!N21>0,Markout!N21,"") -> 7 | K18: =IF(J18="","",Markout!$F$1-1) -> 46278 | L18: =IF(J18="","",Ayarlar!$B$5) -> 0.66666667 | M18: =IF(J18="","",K18+1) -> 46279 | N18: =IF(J18="","",Ayarlar!$B$6) -> 0.33333333 | O18: =IF(J18="","",M18+Markout!D21-1) -> 46281
A19: =Markout!C22 -> Limonlu kek | B19: =IF(Markout!H22>0,Markout!H22,"") -> 9 | C19: =IF(B19="","",Markout!$F$1) -> 46279 | D19: =IF(B19="","",Ayarlar!$B$5) -> 0.66666667 | E19: =IF(B19="","",C19+1) -> 46280 | F19: =IF(B19="","",Ayarlar!$B$6) -> 0.33333333 | G19: =IF(B19="","",E19+Markout!D22-1) -> 46281 | I19: =Markout!C22 -> Limonlu kek | J19: =IF(Markout!N22>0,Markout!N22,"") -> 4 | K19: =IF(J19="","",Markout!$F$1-1) -> 46278 | L19: =IF(J19="","",Ayarlar!$B$5) -> 0.66666667 | M19: =IF(J19="","",K19+1) -> 46279 | N19: =IF(J19="","",Ayarlar!$B$6) -> 0.33333333 | O19: =IF(J19="","",M19+Markout!D22-1) -> 46280
A20: =Markout!C24 -> Frambuazlı cheesecake | B20: =IF(Markout!H24>0,Markout!H24,"") -> 3 | C20: =IF(B20="","",Markout!$F$1) -> 46279 | D20: =IF(B20="","",Ayarlar!$B$5) -> 0.66666667 | E20: =IF(B20="","",C20+1) -> 46280 | F20: =IF(B20="","",Ayarlar!$B$6) -> 0.33333333 | G20: =IF(B20="","",E20+Markout!D24-1) -> 46281 | I20: =Markout!C24 -> Frambuazlı cheesecake | J20: =IF(Markout!N24>0,Markout!N24,"") -> 8 | K20: =IF(J20="","",Markout!$F$1-1) -> 46278 | L20: =IF(J20="","",Ayarlar!$B$5) -> 0.66666667 | M20: =IF(J20="","",K20+1) -> 46279 | N20: =IF(J20="","",Ayarlar!$B$6) -> 0.33333333 | O20: =IF(J20="","",M20+Markout!D24-1) -> 46280
A21: =Markout!C25 -> Limonlu cheesecake | B21: =IF(Markout!H25>0,Markout!H25,"") -> 12 | C21: =IF(B21="","",Markout!$F$1) -> 46279 | D21: =IF(B21="","",Ayarlar!$B$5) -> 0.66666667 | E21: =IF(B21="","",C21+1) -> 46280 | F21: =IF(B21="","",Ayarlar!$B$6) -> 0.33333333 | G21: =IF(B21="","",E21+Markout!D25-1) -> 46281 | I21: =Markout!C25 -> Limonlu cheesecake | J21: =IF(Markout!N25>0,Markout!N25,"") -> 9 | K21: =IF(J21="","",Markout!$F$1-1) -> 46278 | L21: =IF(J21="","",Ayarlar!$B$5) -> 0.66666667 | M21: =IF(J21="","",K21+1) -> 46279 | N21: =IF(J21="","",Ayarlar!$B$6) -> 0.33333333 | O21: =IF(J21="","",M21+Markout!D25-1) -> 46280
A23: SKT = çözündürme bitiş tarihi + raf ömrü − 1. Ürün SKT günü mark-out saatinde satıştan kaldırılır.

Sheet Ayarlar
A1: Ayarlar
A3: Mağaza adı | B3: Örnek Mağaza
A4: Ortalama satış dayanağı | B4: Haftalık | C4: Haftalık: bayram gibi kısa dönemler · Aylık: genel planlama
A5: Çözündürme başlangıç saati | B5: 0.66666667
A6: Çözündürme bitiş saati | B6: 0.33333333 | C6: Ertesi gün
A7: Mark-out saati | B7: 0.91666667
A8: Satış raporunda SKU sütunu | B8: 2 | C8: B = 2
A9: Satış raporunda adet sütunu | B9: 6 | C9: F = 6
A10: Satış raporunda ilk veri satırı | B10: 2 | C10: Başlık satırı 1 ise 2

Sheet Satis_Ortalama
A1: SKU | B1: Ürün | C1: Son 7 Gün Satış | D1: Son 30 Gün Satış | E1: Ortalama Günlük Satış
A2: 100101 | B2: Peynirli simit | C2: 38 | D2: 181 | E2: =IF(Ayarlar!$B$4="Aylık",D2/30,C2/7) -> 5.4285714
A3: 100102 | B3: Peynirli poğaça | C3: 64 | D3: 309 | E3: =IF(Ayarlar!$B$4="Aylık",D3/30,C3/7) -> 9.1428571
A4: 100103 | B4: Zeytinli açma | C4: 39 | D4: 165 | E4: =IF(Ayarlar!$B$4="Aylık",D4/30,C4/7) -> 5.5714286
A5: 100104 | B5: Sade kruvasan | C5: 64 | D5: 281 | E5: =IF(Ayarlar!$B$4="Aylık",D5/30,C5/7) -> 9.1428571
A6: 100105 | B6: Çikolatalı kruvasan | C6: 21 | D6: 98 | E6: =IF(Ayarlar!$B$4="Aylık",D6/30,C6/7) -> 3
A7: 100201 | B7: Yaban mersinli muffin | C7: 40 | D7: 178 | E7: =IF(Ayarlar!$B$4="Aylık",D7/30,C7/7) -> 5.7142857
A8: 100202 | B8: Çikolatalı muffin | C8: 60 | D8: 233 | E8: =IF(Ayarlar!$B$4="Aylık",D8/30,C8/7) -> 8.5714286
A9: 100203 | B9: Çikolatalı kurabiye | C9: 38 | D9: 153 | E9: =IF(Ayarlar!$B$4="Aylık",D9/30,C9/7) -> 5.4285714
A10: 100204 | B10: Yulaflı kurabiye | C10: 15 | D10: 65 | E10: =IF(Ayarlar!$B$4="Aylık",D10/30,C10/7) -> 2.1428571
A11: 100301 | B11: Kaşarlı tost | C11: 66 | D11: 299 | E11: =IF(Ayarlar!$B$4="Aylık",D11/30,C11/7) -> 9.4285714
A12: 100302 | B12: Hindi füme sandviç | C12: 12 | D12: 53 | E12: =IF(Ayarlar!$B$4="Aylık",D12/30,C12/7) -> 1.7142857
A13: 100303 | B13: Mozzarellalı sandviç | C13: 35 | D13: 171 | E13: =IF(Ayarlar!$B$4="Aylık",D13/30,C13/7) -> 5
... A18: 100502 | B18: Limonlu cheesecake | C18: 22 | D18: 105 | E18: =IF(Ayarlar!$B$4="Aylık",D18/30,C18/7) -> 3.1428571
A20: Haftalık ve aylık satış raporları bu sayfaya SKU'ya göre yapıştırılır.

Sheet Bos_Form
A1: MAĞAZA: | B1: =Ayarlar!B3 -> Örnek Mağaza | E1: TARİH: ____/____/______
A3: SKU | B3: Ürün | C3: Devreden Donuk | D3: Gelen | E3: Çözündürülen | F3: Kapanış (Donuk) | G3: Devreden Yiyecek | H3: Dondan Çözülen | I3: Tadım | J3: Atık | K3: Kapanış (Günlük) | L3: Bitiş Saati
B4: =Markout!A4 -> KAHVALTILIK
A5: =Markout!B5 -> 100101 | B5: =Markout!C5 -> Peynirli simit
A6: =Markout!B6 -> 100102 | B6: =Markout!C6 -> Peynirli poğaça
A7: =Markout!B7 -> 100103 | B7: =Markout!C7 -> Zeytinli açma
A8: =Markout!B8 -> 100104 | B8: =Markout!C8 -> Sade kruvasan
A9: =Markout!B9 -> 100105 | B9: =Markout!C9 -> Çikolatalı kruvasan
B10: =Markout!A10 -> MUFFIN VE KURABİYE
A11: =Markout!B11 -> 100201 | B11: =Markout!C11 -> Yaban mersinli muffin
A12: =Markout!B12 -> 100202 | B12: =Markout!C12 -> Çikolatalı muffin
A13: =Markout!B13 -> 100203 | B13: =Markout!C13 -> Çikolatalı kurabiye
A14: =Markout!B14 -> 100204 | B14: =Markout!C14 -> Yulaflı kurabiye
B15: =Markout!A15 -> SANDVİÇ
A16: =Markout!B16 -> 100301 | B16: =Markout!C16 -> Kaşarlı tost
A17: =Markout!B17 -> 100302 | B17: =Markout!C17 -> Hindi füme sandviç
A18: =Markout!B18 -> 100303 | B18: =Markout!C18 -> Mozzarellalı sandviç
B19: =Markout!A19 -> KEK VE PASTA
A20: =Markout!B20 -> 100401 | B20: =Markout!C20 -> Havuçlu kek
A21: =Markout!B21 -> 100402 | B21: =Markout!C21 -> Brownie
A22: =Markout!B22 -> 100403 | B22: =Markout!C22 -> Limonlu kek
B23: =Markout!A23 -> CHEESECAKE
A24: =Markout!B24 -> 100501 | B24: =Markout!C24 -> Frambuazlı cheesecake
A25: =Markout!B25 -> 100502 | B25: =Markout!C25 -> Limonlu cheesecake

Sheet Arsiv
A1: Tarih | B1: SKU | C1: Ürün | D1: Donuk Beklenen | E1: Donuk Sayılan | F1: Donuk Fark | G1: Çözündürülen | H1: Satış | I1: Tadım | J1: Atık | K1: Günlük Beklenen | L1: Günlük Sayılan | M1: Günlük Fark | N1: Ürün Bitiş Saati
